CustomerID,invoice_count,total_products,avg_purchase_frequency,avg_spend_ttm,label
15185,1,666,0,31.062,0
17131,5,983,0.526315789,246.317,0
16475,4,319,6.851851852,54.43,0
13854,29,2278,3.159292035,802.502,0
14741,6,841,6.224137931,140.034,0
15555,20,4410,0.386363636,475.82,0
15433,3,399,3.615384615,41.787,0
15712,5,486,5.346153846,107.236,0
17940,14,9751,11.5,198.358,0
15484,5,3136,0.409574468,356.311,0
12428,12,3503,0.862876254,787.72,0
15253,6,864,2.833333333,91.53,0
12783,8,622,0.858823529,160.387,0
12715,1,197,0,35.386,0
13089,118,30787,0.197737069,5738.588,0
18008,9,1581,8.551724138,211.619,1
16712,11,1749,0.598654709,364.543,0
18135,5,349,8.473684211,68.191,0
13728,6,458,4.419354839,101.614,0
13483,1,160,0,14.034,0
18092,12,4250,4.078651685,906.576,0
14221,10,2190,1.538860104,342.785,0
15573,2,363,0.524271845,60.745,0
12553,14,1924,1.646153846,365.225,0
15606,11,720,2.966666667,242.264,0
15673,4,1514,1.551948052,288.102,0
14733,15,3725,1.665116279,945.154,0
17677,43,9725,1.146875,1621.922,0
13127,1,127,0,25.917,0
17330,2,120,9,36.39,0
12993,4,240,10.57692308,41.476,0
15812,5,922,5.25,180.114,0
12721,7,1954,2.049079755,262.898,0
15743,4,216,1.931034483,78.446,0
16048,3,143,36,24.369,0
15114,10,3096,1.382653061,276.056,0
13720,4,501,3.285714286,79.99,0
17894,8,405,1.536458333,111.981,1
17921,4,430,1.402777778,82.652,0
16609,9,2410,0.849462366,545.096,0
16906,4,281,1.815217391,57.977,0
14523,1,251,0,24.109,0
14834,8,731,3.231884058,169.835,0
14623,6,417,1.514925373,86.935,0
15263,1,89,0,15.651,0
14947,2,179,4.461538462,29.082,0
17133,7,2730,9.653846154,489.224,0
14460,4,869,12.5,38.334,0
12540,19,6677,0.7125,1330.904,0
16758,1,203,0,36.934,0
16584,3,635,5.8,90.803,0
17252,2,193,0.813953488,35.386,0
16240,5,1634,0.489361702,369.381,0
14164,2,1033,0.357142857,163.177,1
12375,3,177,5.647058824,45.542,0
14463,3,179,21.4,52.962,0
16133,46,8738,0.865384615,1430.566,0
12604,2,201,12.13333333,25.418,0
18200,1,111,0,16.38,0
13994,6,940,0.941558442,231.314,0
16455,7,988,3.142857143,184.118,1
15272,2,310,0.467741935,72.194,0
17564,3,146,1.166666667,45.401,0
18205,2,192,1.225806452,51.736,0
14163,4,893,2.980392157,244.591,0
16393,20,1529,1.028011204,294.105,0
15044,22,2786,0.745652174,762.938,0
12388,6,1462,3.141414141,278.066,0
14644,4,252,10.32142857,78.046,0
15579,2,120,4.9,34.86,0
17426,7,3082,1.025830258,502.226,0
14472,8,1160,0.9,193.684,0
15058,11,1069,1.043636364,212.499,0
14323,4,340,3.1,57.426,0
16523,28,4233,1.057239057,929.567,0
17073,4,759,0.531791908,144.609,0
13456,7,756,2.96875,173.782,0
16086,6,510,7.897435897,111.931,0
17611,19,2552,0.616179002,394.787,0
12708,16,1270,1.959537572,261.632,0
17373,4,408,4.857142857,64.692,0
15939,16,4725,3.184210526,610.226,1
15071,2,269,7.28,98.207,0
15845,10,1918,2.302158273,365.087,0
13555,4,2660,0.948148148,414.928,1
13895,5,1364,1.211864407,258.812,0
13307,1,4,0,1.5,0
14055,1,216,0,72.564,0
16717,9,1568,1.519148936,327.836,0
15565,2,60,2.857142857,17.316,0
14209,7,688,3.701149425,206.713,0
15632,10,2049,1.471590909,314.731,0
17802,4,743,1.98630137,125.184,0
14844,4,1833,1.379844961,318.981,0
12684,7,1985,1.980769231,228.363,0
15800,2,335,1.177966102,69.908,0
12971,89,9203,1.201954397,1093.026,0
15399,3,611,1.591836735,81.577,0
13277,4,176,16.85714286,25.84,0
16156,13,1270,2.188405797,302.462,0
14780,2,310,0.961538462,44.768,0
13635,1,677,0,107.103,0
17405,5,705,1.602150538,96.722,0
16600,6,1145,5.475409836,81.352,0
17146,3,212,7.441176471,74.978,0
17870,13,1400,1.304659498,188.94,0
16292,2,188,0.222222222,28.09,1
15888,2,60,0.076923077,14.127,1
14434,6,368,4.636363636,137.28,0
15380,6,374,9.916666667,168.236,0
13016,3,527,1.086956522,78.989,1
17460,8,176,8.194444444,45.263,1
13279,2,70,1.4,12.63,1
12434,4,373,5.20754717,76.519,0
12987,3,217,4.275862069,54.5,0
15216,1,28,0,9.66,0
13233,2,1004,6.238095238,60.512,0
13801,1,168,0,32.48,0
14498,5,1098,1.661458333,195.732,0
15203,6,1753,2.028368794,182.78,0
16613,1,293,0,61.859,0
18283,16,1397,0.442384106,209.488,0
13536,7,2136,0.415730337,344.829,0
14808,15,2054,0.521568627,217.537,0
17685,7,1956,2.759689922,319.153,0
16904,16,2034,0.511988717,375.427,0
15394,4,910,4.154761905,218.354,0
16183,1,113,0,33.871,0
14961,12,3692,1.107594937,700.658,0
12753,11,11250,1.56768559,2102.401,0
15452,3,283,4.122807018,53.873,0
13049,2,268,19.53846154,65.668,0
13549,8,457,4.254901961,91.612,0
17415,1,114,0,50.784,0
13748,5,439,10.2962963,94.825,1
16945,19,2725,1.358870968,434.55,0
13670,1,282,0,34.97,0
12930,4,250,3.576923077,40.99,0
16235,6,328,6.212765957,85.841,0
14412,3,784,0.840909091,76.133,0
16796,1,186,0,30.562,0
13862,10,1682,2.226950355,218.731,0
16843,17,10154,0.753968254,1018.382,0
14314,1,296,0,12,0
18198,21,3839,2.012121212,508.306,0
18230,10,1298,4.045454545,271.66,0
12957,12,2531,1.378600823,397.904,0
14533,9,2777,5.125,181.262,0
15122,6,788,2.465116279,161.213,1
17663,9,793,2.943820225,178.827,0
13823,2,439,1.871794872,95.766,0
16389,5,1230,6.764705882,136.227,0
17957,1,287,0,11.168,0
15518,13,1262,1.223744292,191.189,0
15376,3,619,1.568965517,123.336,0
18235,3,1578,1.417475728,179.648,1
13048,5,1230,2.301470588,180.591,0
15786,5,3331,0.254480287,483.42,0
13563,2,209,1.166666667,77.753,0
13571,12,1759,0.708823529,209.232,0
12694,2,509,3.138888889,86.967,0
15938,5,240,12.41176471,40.458,0
13694,60,61803,0.633561644,6265.31,0
17739,8,856,7.425531915,278.605,0
16362,9,325,0.662921348,65.207,0
13220,4,196,7.9,81.929,0
14299,18,2013,2.223602484,285.535,0
16573,4,354,4.822222222,64.841,1
13356,1,325,0,76.824,0
16205,4,517,1.536082474,76.138,0
15453,7,845,0.652631579,138.837,0
13627,7,1266,3.204301075,162.402,0
14524,9,676,1.628712871,186.768,0
17068,22,2154,1.202702703,453.134,0
15839,5,670,1.921875,102.074,0
14013,3,462,5,47.302,0
17050,6,1614,0.644444444,322.884,0
13941,7,2307,7.630434783,491.241,0
17433,1,185,0,30.316,0
14243,14,1204,2.428571429,253.588,0
12527,3,234,14.35294118,34.871,0
18273,3,80,127.5,20.4,0
12526,3,632,1.342857143,131.666,0
15106,7,1144,2.495049505,140.773,0
15093,9,3733,3.189189189,441.014,0
17396,8,2005,12.76923077,733.08,0
12620,3,1181,2.087912088,133.941,0
14952,15,3295,2.162162162,791.279,0
12471,49,7965,0.698113208,1874.092,0
15466,1,246,0,33.453,0
15061,55,28590,0.902200489,5422.874,0
17376,2,86,10.47826087,20.32,0
15366,2,621,6.581395349,60.251,0
16409,5,1306,1.216450216,202.888,0
12395,15,2113,2.253164557,299.828,0
12662,12,2040,1.614718615,381.708,0
12842,2,547,7.212121212,111.899,0
17086,6,1859,0.589473684,205.008,0
17786,2,200,3.267605634,27.874,0
16245,5,1008,2.532608696,135.236,0
14970,4,250,7.515151515,159.206,0
12948,8,1077,2.11965812,205.37,0
17047,3,533,1.875,110.09,0
18248,4,501,1.520833333,78.302,1
16983,8,1366,2.412162162,192.02,0
16603,2,480,0.515151515,48.247,1
16808,2,196,7.954545455,28.842,0
17154,1,490,0,32.934,0
16746,19,4662,0.784922395,669.431,0
15696,12,1022,1.664772727,264.446,0
16253,3,3137,1.821138211,366.562,0
12456,4,1616,1.640625,315.389,0
12545,2,523,3.755102041,100.039,0
17002,4,678,4.428571429,148.778,1
13763,3,725,6.75,168.946,0
12703,2,161,0.333333333,27.47,1
15024,10,920,2.324675325,166.133,0
16859,5,656,2.183098592,47.314,0
16348,7,819,0.888888889,146.945,0
13138,6,473,5.64516129,96.239,0
18144,12,1343,8.714285714,288.875,0
15392,5,1265,4.238095238,151.573,0
12457,12,695,2.701492537,191.778,0
14107,8,1788,2.544715447,268.848,0
17949,52,27571,4.743589744,5275.084,0
14820,4,253,5.428571429,50.729,0
15866,1,126,0,23.053,0
16045,4,897,2.085365854,134.07,0
13741,4,217,4.294117647,66.633,0
15304,10,100,12.32,68.03,0
17419,14,1872,1.719806763,420.097,0
13140,3,186,5.733333333,42.372,1
12519,1,183,0,34.084,0
16842,4,692,3.777777778,126.044,1
14560,24,1223,4.666666667,217.418,0
14129,5,592,5.078431373,112.386,0
16996,9,534,8.2,142.746,0
13167,4,785,1.953125,79.133,0
15593,1,60,0,19.98,0
12867,10,4274,0.607272727,398.622,0
12624,2,355,1.918918919,64.113,0
15287,3,432,2.4,48.524,0
15249,15,3557,0.630252101,665.736,0
14367,19,4410,0.503759398,916.782,0
13882,6,950,0.953846154,113.128,0
13759,2,287,1.583333333,65.941,0
13767,52,7258,0.932160804,1694.571,0
14178,7,1505,0.533742331,162.093,0
13558,4,344,0.362068966,60.506,0
14676,8,2498,6.279069767,254.324,0
12968,1,73,0,13.595,0
17411,4,298,8.404761905,74.894,0
18033,1,253,0,9.797,0
15602,15,1001,6.79245283,108.363,0
14440,5,588,6.611111111,235.768,0
14855,2,267,0.789473684,64.565,0
18278,1,66,0,17.39,0
13756,15,3164,2.570422535,514.512,0
12645,5,1072,3.876712329,175.538,0
17593,6,3095,1.630841121,391.156,0
13334,3,1774,0.835205993,353.682,0
15059,11,602,1.235294118,132.582,0
18087,4,3571,33.83333333,377.012,0
13499,7,1358,5.727272727,114.696,0
16092,5,602,3,77.936,1
12422,3,370,6.026315789,80.356,0
17139,15,5163,0.561728395,1058.557,0
15671,10,1681,3.15,263.549,0
18147,2,203,10.5,17.934,0
13145,5,142,55.5,61.477,0
16401,20,3858,1.654822335,406.124,0
17338,10,3123,0.455026455,661.218,0
12879,4,363,4.272727273,55.257,0
16929,7,929,2,129.539,0
14006,3,641,6.793103448,96.219,0
12502,5,820,1.465753425,372.387,0
17642,2,474,1.461538462,71.229,0
13993,12,892,2.403225806,340.966,0
14759,3,569,2.257425743,162.597,0
13468,41,2581,1.219672131,565.675,0
16302,2,134,1.727272727,21.282,0
16735,7,1554,2.015748031,226.921,1
15410,8,1200,1.462809917,345.084,1
13969,20,4483,0.566455696,898.669,0
16107,7,1176,5.533333333,320.416,0
14819,2,109,10.66666667,27.207,0
16451,1,120,0,26.697,0
14286,5,4306,0.771126761,459.581,0
14356,4,266,0.567567568,66.694,0
13425,3,1123,2.415584416,162.421,0
17309,1,41,0,8.275,0
15154,2,97,0.010989011,24.027,1
18223,27,2890,1.197986577,631.523,0
13047,18,1355,1.753846154,307.91,0
14659,12,1183,1.189922481,245.653,0
15002,4,862,2.210526316,164.176,0
16441,2,173,9.739130435,38.12,0
17033,3,750,10.11111111,103.014,0
15541,1,49,0,8.513,0
14628,2,272,6.565217391,67.196,0
17159,4,1110,1.485148515,153.473,0
16470,5,530,1.805882353,75.744,0
12609,3,648,4.06779661,112.685,0
15175,1,454,0,22.414,0
17640,1,250,0,62.166,0
13397,6,429,7.026315789,153.918,1
16693,2,204,3.440677966,48.201,0
16233,5,165,12.29166667,42.213,0
14918,2,675,0.886363636,161.015,0
17667,5,1037,2,205.551,0
18155,4,258,8,34.782,0
14019,4,1034,1.373134328,139.896,0
18261,2,146,2.6,32.424,0
17365,8,4777,0.685224839,480.156,0
14849,28,5656,0.900255754,790.428,0
15189,53,6035,1.432900433,1580.214,0
13876,1,36,0,12.27,0
16013,54,13845,2.453333333,3336.625,0
17191,7,1167,1.440677966,209.513,0
12853,9,782,2.506024096,188.17,0
12789,1,4,0,9.185,0
17509,11,3530,0.016304348,610.074,0
17666,2,596,3.647058824,72.816,0
14901,10,659,3.721649485,141.499,0
16303,4,2621,1.855421687,530.583,0
13097,14,2341,0.752293578,589.332,0
13947,1,44,0,9.06,0
12731,14,8366,1.235507246,1879.341,0
17382,1,25,0,6.54,0
15572,7,1229,1.280373832,255.286,0
12481,11,3290,1.580645161,559.086,0
18228,3,236,0.935483871,76.92,0
13448,10,1638,1.803030303,346.567,0
13772,3,546,1.170454545,113.213,0
12594,11,1776,2.415254237,332.022,0
12851,1,109,0,13.518,0
16878,2,0,12,0,0
12877,12,1178,2.320261438,153.577,0
12520,6,1430,1.25974026,258.251,0
14290,6,913,3.431372549,230.745,0
13090,18,2194,2.275,868.939,0
16918,7,708,2.07751938,104.334,0
17024,3,69,56,9.585,0
16333,22,32184,6.863636364,2662.68,0
14540,3,421,4,99.626,0
13991,7,996,1.541176471,85.063,0
14099,12,2177,1.346613546,309.297,0
17682,7,1365,3.033898305,245.933,0
18065,15,1024,2.620437956,238.008,0
16098,7,613,4.333333333,200.563,0
12421,5,483,6.755555556,80.627,0
13364,2,0,0.263157895,0,1
14258,10,7098,2.954954955,1265.008,0
12393,4,816,4.126984127,158.26,0
14507,7,588,2.608247423,136.818,0
13804,7,1498,1.904411765,263.579,0
16871,7,1250,1.797101449,276.149,0
15030,2,372,32.83333333,51.828,0
16419,7,435,3.901960784,95.948,0
15618,5,428,2.166666667,74.7031,0
13599,33,3169,1.3878327,503.06,0
18178,6,979,2.56122449,157.341,0
16161,26,2506,0.73253493,535.297,0
15358,29,6927,0.644642857,823.48,0
15238,5,689,3.039215686,105.654,0
13045,1,221,0,30.528,0
15860,8,440,2.326241135,97.721,0
13319,36,4686,0.725450902,1066.434,0
13591,3,485,3.543859649,111.713,0
15903,8,2409,3.864864865,512.634,0
17656,5,1399,0.679012346,167.469,1
13199,39,6172,3.050420168,980.396,0
16816,4,274,9.444444444,41.706,0
12778,7,824,5.86,80.423,0
14138,2,610,1.347826087,98.238,0
14530,6,1410,1.260465116,292.591,0
13889,1,146,0,41.69,0
16317,3,890,2.617647059,134.165,0
12886,3,761,1.788235294,135.109,0
16722,16,4989,1.546255507,471.121,0
17447,2,443,0.885714286,54.153,0
15129,11,1794,2.903614458,344.74,0
16930,3,341,0.79245283,38.055,0
17705,10,957,2.785046729,178.112,0
14684,5,853,0.802380952,123.628,0
16474,11,918,0.376021798,181.147,0
14329,14,3075,1.197761194,492.874,0
15251,15,6084,1.933333333,1032.711,0
17730,15,3567,1.474885845,528.883,0
16438,5,463,0.58778626,79.835,0
15504,1,33,0,5.283,0
13014,16,886,2.268292683,336.543,0
14422,6,2906,1.208144796,426.364,0
15270,9,1459,6.276595745,229.82,0
13139,8,2418,1.404624277,505.579,0
15296,10,1757,1.417085427,361.031,0
17410,5,616,3.158730159,121.472,0
13416,2,142,2.111111111,71.25,0
14239,13,986,2.373913043,232.35,0
15971,12,1717,8.647058824,419.985,0
12830,7,9847,3.526315789,674.84,0
17306,21,11470,5.044117647,860.073,0
17160,6,2856,0.921052632,351.803,0
16719,8,1202,1.752475248,177.392,0
12712,17,1044,2.475177305,424.163,0
17388,4,1068,15,125.956,0
17863,6,2638,2.108843537,316,0
15291,20,2074,3.222222222,459.651,0
13562,3,757,2.024691358,179.933,0
17333,1,375,0,49.425,0
12991,2,405,2.966666667,50.376,0
12473,9,2363,0.91011236,284.823,0
12615,4,1376,1.596153846,229.119,0
12697,5,499,3.523809524,93.902,0
15687,11,1308,1.928143713,298.15,0
13700,10,2304,1.535714286,226.512,0
15240,7,1361,3.987804878,168.557,0
13027,6,17280,9.64,691.2,0
17097,9,457,1.712264151,93.792,0
17572,4,95,27.45454545,22.675,1
17346,16,1639,0.737051793,261.158,0
14446,4,933,0.842465753,103.958,0
14147,3,96,47.2,46.84,0
12758,2,2135,1.666666667,279.159,0
16952,2,92,0,16.761,1
15707,4,605,0.23943662,94.558,0
13953,7,2724,18.15789474,351.568,0
17218,10,958,1.333333333,196.072,0
18265,2,311,1.911111111,80.151,0
14050,2,689,1.41509434,74.636,0
13466,2,258,4.941176471,29.795,0
15300,1,292,0,49.644,0
17527,6,463,3.4375,88.886,0
13124,3,2147,1.153846154,386.633,0
17083,3,772,3.803921569,140.578,0
16404,1,157,0,44.305,0
14057,18,4708,1.162068966,614.74,0
12705,14,3973,0.985590778,681.424,0
15299,11,2940,27.72727273,378.709,1
17287,7,559,2.81300813,106.411,0
17481,5,1060,1.097560976,124.934,0
12740,1,342,0,42.76,0
17347,1,216,0,22.896,0
16359,12,1154,4.695652174,146.037,0
15206,4,162,33.125,42.03,0
16326,15,689,1.031347962,308.596,0
16332,8,793,1.810457516,158.32,0
17720,4,576,6.959183673,119.594,0
16690,3,137,13.16666667,20.863,0
16959,1,49,0,11.735,0
13884,6,297,4.677966102,78.13,0
15150,11,3633,0.734693878,530.397,0
16556,7,1890,1.427184466,331.379,1
16780,2,271,2.694915254,42.519,0
12635,2,1172,0.65,168.918,0
16778,2,194,13.33333333,24.594,0
13437,7,1283,1.060240964,340.806,0
16477,7,1415,2.124137931,249.446,0
13489,4,560,14.53846154,44.952,0
12679,9,530,4.2,105.867,0
15864,8,1044,12.7826087,176.978,0
15953,10,885,3.470588235,163.453,0
17434,9,1685,0.605839416,233.342,0
17506,2,136,0.333333333,29.429,1
16899,6,522,2.846774194,128.156,0
15023,12,2863,0.651245552,676.316,0
12497,1,1236,0,104.31,0
15382,8,4003,0.921311475,592.786,0
13148,17,1828,0.968208092,334.848,0
17183,8,1264,1.306666667,328.691,0
12921,50,9454,0.5,1638.974,0
16533,5,514,0.272222222,102.694,0
13658,7,1009,1.756756757,242.147,0
17905,4,407,9.151515152,80.024,0
16715,1,642,0,30.172,0
14965,2,365,0,59.9,1
15244,2,405,5.545454545,63.157,0
17317,5,1074,4.3,252.402,0
16358,5,1301,1.678899083,202.495,0
16261,4,306,1.861788618,74.683,0
12579,3,278,0.166666667,41.072,1
17147,6,878,3.44047619,167.964,0
13266,19,4299,1.731343284,371.767,0
16394,9,2317,2.414141414,141.206,0
17581,31,5861,0.824833703,1073.611,0
12449,4,1553,0.868421053,406.729,0
16607,16,2822,1.971098266,303.867,0
17864,3,810,2.603960396,59.75,0
15544,11,3105,1.4,354.251,0
14029,2,198,5.785714286,46.766,0
16029,76,32148,1.227106227,5099.261,0
13842,9,1768,1.502439024,338.562,0
17402,13,701,6.293103448,263.385,0
17001,11,2164,2.130952381,398.957,0
17059,5,1855,0.660194175,309.504,0
14680,23,12474,1.084639498,2693.234,0
15815,5,1856,4.083333333,210.06,0
18036,3,234,2.242105263,40.562,0
13892,4,983,8.461538462,63.297,0
14806,1,330,0,19.339,0
13136,11,1312,2.282608696,254.538,0
14720,3,219,3.361111111,66.381,0
16794,12,933,0.625874126,120.151,0
17576,22,1954,0.858173077,345.778,0
12637,10,2990,0.651399491,595.325,1
13149,4,1280,3.235294118,167.606,0
17299,4,678,2.892857143,66.911,0
13799,2,402,4.684210526,68.886,0
17284,7,1362,0.941979522,164.168,0
15714,2,187,1.941176471,33.088,0
16103,6,558,4.808510638,142.964,0
13441,1,204,0,29.664,0
14482,6,1646,1.545454545,206.815,0
14250,3,1200,0.745454545,190.405,0
12372,3,794,4.411764706,129.804,0
15561,5,256,6.8,72.274,0
17588,3,676,6,124.02,0
13782,6,371,2.763157895,91.2,0
15641,4,1562,2.152542373,188.72,0
14226,7,1301,3.347222222,220.164,0
12571,2,523,2.484848485,51.961,0
13778,1,70,0,17.87,0
13388,3,281,0.285714286,62.715,0
18204,4,1198,0.60199005,197.93,1
12569,35,1793,1.315789474,406.499,0
15494,2,1148,0.806451613,129.923,0
12723,5,434,0.911764706,72.507,0
16488,4,724,3.833333333,49.22,0
12931,20,23377,3.326732673,3346.281,0
16265,11,2627,1.370656371,542.315,0
17706,22,3833,0.918781726,1009.737,0
12949,10,2363,1.018348624,414.302,0
16641,1,256,0,23.11,0
16128,5,988,3.011363636,188.022,0
14113,8,635,9,137.792,0
12748,224,24210,0.08037061,2907.21,0
14854,8,1822,1.507692308,274.989,0
13405,3,165,9.346153846,57.2451,0
17596,7,4400,1.282527881,282.793,0
15271,16,1257,1.306569343,248.582,0
13813,5,550,1.357142857,135.341,0
18059,4,258,2.9,29.671,0
14875,5,554,5.163265306,144.872,0
12841,26,2683,0.837899543,387.64,0
17511,46,63012,0.345116279,8812.538,0
15465,24,1217,3.398058252,694.502,0
14730,8,1132,0.55,200.506,0
14418,3,1711,0.853658537,193.725,0
17754,6,1820,2.826086957,173.992,0
13297,4,963,1.034482759,208.985,0
14869,3,549,1.408450704,72.195,0
12752,1,2262,0,436.678,0
17041,4,947,4.771428571,106.577,0
12524,8,3699,2.265734266,448.572,0
14054,1,62,0,9.246,0
13104,6,504,18.47368421,109.848,0
15734,2,346,3.44,133.945,0
14712,3,315,3.458333333,91.707,0
14265,2,330,1.3,53.018,0
15984,11,1833,1.335766423,281.697,0
14208,1,114,0,15.174,0
13317,9,1003,2.194029851,214.007,1
14755,12,2217,1.377118644,496.538,0
15005,35,4204,0.302847282,618.049,0
14649,4,1018,1.050505051,141.729,0
17651,14,3100,0.697478992,388.667,0
15605,5,441,5.106060606,119.823,0
14772,1,82,0,13.926,0
17498,1,394,0,27.222,0
13350,3,284,1.5,91.072,0
16080,3,104,19.3,17.66,0
12437,19,2918,1.65,489.666,0
15916,10,752,2.201257862,149.124,0
14212,1,1152,0,107.048,0
13812,3,333,1.8,53.9,0
14346,2,605,3,102.158,0
17381,30,25646,3.339449541,2027.243,0
14595,6,978,2.910891089,174.06,0
18116,8,848,0.787798408,141.803,0
17579,4,256,3.431372549,44.02,0
14040,15,1524,1.2125,354.219,0
17594,2,550,3.448979592,99.318,0
17585,4,1671,1.075117371,113.307,0
18143,2,570,0.416666667,100.016,0
17528,11,2130,0.27027027,354.01,0
15947,1,898,0,170.824,0
15987,7,1556,2.561151079,145.128,0
14407,9,1412,2.253333333,211.108,1
13946,3,443,18.8,56.157,0
12431,18,2868,1.414225941,641.639,0
15958,1,33,0,10.435,0
17898,2,190,4.518518519,15.206,0
16076,11,1363,1.576923077,217.353,0
17006,4,272,1.651162791,78.178,0
14116,5,707,1.436619718,138.274,0
16242,8,1981,0.914965986,359.826,0
15683,1,131,0,19.375,0
15356,10,1673,0.650579151,276.65,0
14146,6,1886,1.430327869,294.957,0
16782,19,703,1.826530612,224.225,0
15038,7,187,2.46969697,66.559,0
12455,6,2089,2.505617978,246.686,0
17848,9,398,5.54,90.12,0
14171,1,167,0,36.379,0
14335,2,379,1.290322581,46.826,0
17811,51,4128,0.377726751,767.771,0
17229,2,185,1,31.876,0
15584,5,312,1.120967742,72.261,0
12464,8,112,10.67857143,121.205,0
15796,10,859,2.246268657,266.661,0
16119,2,240,4.266666667,42.336,0
12420,1,345,0,60.039,0
13539,4,314,6.054054054,60.584,0
12516,2,875,4.12,131.206,0
17557,3,306,2.03030303,54.146,0
17017,27,6613,1.38576779,857.411,0
13787,2,337,9.633333333,30.904,0
12843,9,753,1.859813084,168.076,0
16170,7,1766,1.571428571,188.042,0
16686,9,2025,0.524701874,304.348,0
17633,6,630,4.61971831,124.234,0
14317,1,255,0,50.858,0
15603,1,96,0,4.848,0
16813,10,1525,0.4375,169.298,0
15342,2,276,0.52,39.176,0
15492,2,483,1.352941176,65.946,0
12781,5,592,9.068965517,70.772,0
16574,1,416,0,45.144,0
12952,5,652,0.924050633,138.284,0
14859,5,669,3.310344828,135.204,0
13831,6,745,4.835616438,220.299,0
17883,4,379,1.6875,67.177,0
17370,4,540,3.03125,44.618,1
17562,8,813,2.523809524,110.738,0
17122,1,80,0,13.832,0
16551,3,970,7.774193548,92.212,0
13314,4,484,0.972972973,57.866,0
16279,4,1052,2.888888889,149.668,0
15799,3,955,2.670103093,88.414,0
12925,2,541,1.590909091,69.405,0
15865,3,368,4.435897436,89.513,0
15811,9,1061,2.52173913,217.132,0
16122,4,1128,7.918918919,68.442,1
18118,31,2877,0.279812938,559.577,0
15706,7,305,0.982758621,100.181,0
17750,9,3957,0.828125,179.757,0
16131,6,1802,2.441558442,350.654,0
13488,17,4512,0.821596244,891.061,0
12839,16,3804,1.158730159,558.362,0
13336,1,559,0,79.512,0
15744,1,120,0,3.48,0
18226,14,3459,1.225409836,519.21,0
12413,5,282,6.948717949,69.415,0
15690,2,408,5.333333333,23.976,0
15344,5,106,2.387096774,47.658,0
15315,3,838,1.405405405,55.154,1
17214,7,275,2.902912621,98.412,0
12719,3,361,1.463414634,60.81,0
18102,62,64122,0.849537037,25643.849,0
16432,1,276,0,28.74,0
16909,2,434,0.444444444,36.414,1
14180,31,710,1.465587045,464.077,0
17030,1,146,0,14.687,0
13867,3,513,3.116666667,101.529,0
17591,8,1008,1.771084337,221.502,0
15036,3,327,0.849206349,46.555,0
15996,7,382,2.138461538,104.478,1
13236,3,411,2.157894737,72.727,0
18170,3,409,4.972972973,98.031,0
12362,13,2212,1.06959707,515.458,0
12518,5,1318,0.894308943,205.689,0
15194,22,5648,1.123076923,752.117,0
16209,5,1179,3.511111111,226.262,1
16462,4,12,73,10.2,1
18136,4,373,6.736842105,76.183,0
17242,2,611,1.846153846,113.504,0
16582,1,164,0,31.362,0
17609,6,721,1.210970464,110.392,0
18066,1,108,0,31.8,0
16747,4,577,0.954545455,82.696,0
16875,9,1044,2.254098361,202.347,1
16157,4,344,3.166666667,64.424,0
13806,1,56,0,25.638,0
17783,2,354,2.651515152,28.347,0
16806,4,378,1.333333333,80.149,0
14395,12,1689,1.051136364,347.191,0
18167,6,359,2.428571429,135.551,0
14312,6,1012,3.38372093,161.159,0
17719,18,2455,0.78700361,536.78,0
15081,6,188,10.14705882,48.735,0
17758,8,2091,0.562043796,345.67,0
17340,16,5902,0.843971631,1189.118,0
14196,1,142,0,33.552,0
14224,4,514,1.794871795,105.012,0
13908,5,1470,1.576,234.705,0
13095,1,144,0,7.44,0
16910,8,886,0.159340659,151.006,0
14475,6,428,5.065217391,79.982,0
14105,2,798,2.053333333,126.033,0
16667,2,237,4.153846154,57.013,0
13351,1,117,0,37.394,0
15807,3,430,0.574468085,90.39,0
13742,14,1116,0.944099379,310.242,0
17994,6,473,2.036144578,62.969,1
13695,15,1603,2.561797753,250.413,0
13924,11,1532,0.522058824,168.208,0
12476,20,2337,1.368821293,654.658,0
16236,1,184,0,43.22,0
17298,2,387,0.793103448,49.842,0
14978,5,525,1.2,193.142,0
14309,10,1619,2.868852459,231.968,0
17669,7,1916,3.089552239,340.672,0
13985,16,3439,0.738636364,702.453,0
14515,6,1134,2.01,210.209,0
13587,3,160,3.2,34.7,0
14511,6,772,1.742857143,126.741,0
17696,14,1730,2.608,220.105,0
14959,5,491,3.95,68.497,0
13419,1,275,0,22.106,0
18161,6,810,3.8625,161.279,0
15218,11,3329,1.866666667,575.689,0
13183,9,2208,3.516129032,395.778,0
16374,2,240,1.781818182,47.303,0
17924,13,1141,10.05405405,289.433,0
14790,4,699,5.266666667,74.506,0
12474,30,4764,0.769736842,711.647,0
16985,11,1830,2.841666667,546.162,0
15306,3,810,1.473684211,117.435,1
12628,4,445,1.428571429,76.961,0
13038,3,360,7.777777778,90.846,0
15513,22,5545,1.092651757,1452.008,0
14948,7,661,3.111111111,106.657,0
16743,8,2010,1.713541667,219.184,0
15434,6,638,3.310344828,99.748,0
17348,5,1401,1.322429907,115.952,0
14739,8,3817,6.083333333,389.91,0
14004,7,2668,1.441176471,458.264,0
17293,9,1140,2.634328358,187.511,0
16429,1,9,0,28.455,0
16460,3,879,0.395522388,81.472,0
13617,3,300,3.255813953,54.418,0
14306,3,1073,1,208.342,0
14397,23,1852,2.265957447,255.668,0
18018,2,55,3.25,12.214,0
12729,1,233,0,45.301,0
17628,1,79,0,7.575,0
15769,29,27660,2.493150685,5182.372,0
17469,6,778,2.112359551,184.306,0
14639,8,1428,1.775862069,295.234,0
14427,2,228,0.8125,36.334,0
16627,1,162,0,32.28,0
12670,6,1391,2.387096774,298.615,0
17345,4,346,2.104651163,53.774,0
13228,1,200,0,35.8,0
17888,10,431,4.2375,52.578,0
13064,4,516,4.632352941,111.949,0
14359,6,363,1.192982456,88.258,0
12600,11,773,5.359375,258.104,0
15243,1,185,0,31.668,0
16705,29,5458,1.265017668,1394.613,0
15198,2,120,3.555555556,19.364,0
12647,13,1420,2.732283465,366.992,0
12417,12,1539,1.796954315,357.88,0
17090,8,920,5.555555556,204.185,0
17988,8,42,8.289473684,19.117,0
17466,2,306,1.7,76.328,0
17014,4,240,0.783783784,56.558,0
13507,4,1597,0.881987578,247.916,0
12756,1,144,0,11.208,0
13517,5,1360,0.845070423,210.907,0
16181,1,152,0,30.554,0
14125,3,1640,0.409638554,274.043,0
18077,11,1878,1.584070796,263.301,0
17321,2,373,0.556603774,70.086,0
13979,1,639,0,86.987,0
17602,8,4135,0.570921986,505.077,0
14796,27,5942,0.313573883,783.951,0
13814,3,862,1.421052632,156.212,0
13999,15,2231,1.663507109,386.526,0
13247,4,328,2.708333333,50.112,0
15429,3,369,0.597560976,36.49,0
13631,12,460,15.27272727,302.177,0
13630,11,1377,3.544303797,199.568,0
13514,1,40,0,15.22,0
16872,3,600,17.83333333,68.002,1
13061,1,107,0,24.861,0
15568,3,461,1.365384615,75.829,0
17134,2,102,6.869565217,42.5,0
17675,41,8278,0.508333333,2009.81,0
13309,5,1544,2.839622642,145.679,0
17069,13,1482,2.254901961,265.522,0
16456,5,1148,2.490909091,215.837,1
16992,6,857,3.191489362,160.186,0
16655,6,2367,1.207692308,379.452,0
13481,8,1127,2.90990991,177.681,0
15930,1,139,0,42.663,0
13919,3,437,2.125,35.016,0
18251,1,7824,0,431.472,0
13159,5,1045,0.884297521,137.975,0
15192,3,918,4.92,104.432,0
14866,13,6569,3.490196078,1419.745,0
13881,22,10062,1.720670391,1698.952,0
12458,2,506,5.756756757,94.74,0
14735,34,2160,1.740196078,580.769,0
13886,1,126,0,24.356,0
16881,1,600,0,43.2,0
15089,6,1359,0.819444444,242.084,0
17238,17,1822,0.653097345,374.465,0
15950,5,722,3.509803922,170.526,0
18272,7,2044,1.443786982,306.478,0
13949,6,2474,0.578616352,242.732,0
13529,2,74,9,30.776,0
14825,12,991,3.041666667,222.691,0
13689,1,512,0,91,0
14501,3,119,23.18181818,19.031,0
14895,24,4823,0.623762376,1102.026,0
17311,2,1005,4.407407407,138.485,0
14487,7,734,2.375,118.358,0
16008,3,323,5.65625,47.878,0
16308,4,8000,74.66666667,256,0
16681,6,1407,4.209302326,177.034,1
12919,8,668,3.156862745,130.144,0
16650,1,372,0,51.842,0
14702,18,1444,1.048991354,325.064,0
13486,3,669,1.132352941,112.241,0
14818,3,324,3.829787234,65.78,0
16278,3,109,3.208333333,53.783,0
16153,5,1073,3.465909091,182.423,0
13094,16,1542,11.96551724,170.886,0
13877,1,108,0,11.724,0
16968,2,326,3.433333333,43.943,0
17816,4,30,20.5625,3.656,0
15867,16,2052,0.787878788,379.779,0
13032,3,367,0.662162162,99.652,0
15125,23,5991,1.762589928,1111.705,0
13647,5,894,2.848101266,167.022,0
17268,4,844,27.6,76.364,0
15228,5,2252,1.824,337.696,0
14529,3,348,0.219298246,62.004,0
17735,19,8439,0.529753266,1311.002,0
16841,7,2234,2.163793103,177.462,0
15757,2,491,3.454545455,71.442,0
18221,6,789,2.953125,103.331,0
12451,6,6455,0.88700565,893.352,0
16145,18,3072,1.487288136,374.198,0
13023,2,286,1.666666667,68.99,0
15199,4,396,20.75,126.87,0
17747,2,11,12,6.465,1
17516,5,416,1.985294118,76.808,0
17295,3,294,0.529411765,55.695,0
14092,17,2061,1.689814815,406.31,0
17724,4,289,1.840909091,99.565,0
16624,2,488,2.489361702,81.057,0
14031,23,5370,1.420233463,1463.464,0
15611,15,498,7.386363636,156.839,0
16768,5,191,3.929824561,45.804,0
15652,1,208,0,33.774,0
12530,5,900,4.134328358,162.363,0
17858,12,2706,1.838383838,515.566,0
13107,5,1288,4.898305085,152.407,0
15952,4,399,2.133333333,80.657,0
14502,14,1483,0.466666667,235.102,0
12435,2,2055,5.371428571,782.989,0
17779,5,394,1.469879518,64.217,0
16891,5,283,1.831683168,80.97,0
14441,10,430,6.293103448,154.514,0
13681,4,360,2.464285714,82.783,0
13655,2,605,2.309090909,93.297,0
15035,1,245,0,25.273,0
14175,7,1461,1.705521472,310.806,0
12685,6,1523,0.416666667,286.308,0
12885,4,654,0.845070423,115.827,1
15127,1,251,0,40.653,0
16341,6,1388,2.13253012,195.938,0
15837,1,189,0,39.198,0
14810,11,1016,1.295275591,208.788,0
14060,20,5374,1.821782178,613.538,0
15550,4,295,4.95,57.563,0
15689,2,84,30.25,25.41,0
16653,3,723,0.733333333,116.692,0
15774,1,87,0,27.08,0
13410,7,513,9.75862069,98.891,0
13384,9,2415,0.961038961,412.228,0
17674,2,672,11.30769231,55.104,0
15722,6,1021,3.591549296,218.121,0
15144,18,3026,1.400921659,653.004,0
12409,7,5543,0.920353982,1105.693,1
15747,3,480,1.739130435,97.404,0
12676,6,670,6.522727273,133.139,0
18237,5,622,2.2,98.71,0
13988,9,3025,0.987394958,409.88,0
12640,3,311,1.115384615,117.458,0
15615,27,5493,0.815420561,1036.004,0
14715,4,521,4.385714286,86.738,0
13602,1,267,0,42.889,0
17777,3,507,0.393782383,66.586,0
12695,4,220,7.807692308,58.21,0
13430,4,738,1.283018868,64.869,0
16709,5,851,2.525641026,302.987,0
14193,2,445,4.926829268,85.339,0
15232,2,686,0.9,61.206,0
14005,5,2478,2.481927711,287.472,0
16241,13,1453,0.544629349,260.787,0
17248,1,213,0,31.865,0
14658,2,47,4,24.715,0
16458,18,2154,1.781094527,348.274,0
17092,4,1131,1.830645161,177.778,0
12923,1,69,0,17.697,0
14408,7,1616,2.396226415,260.653,0
15805,20,3337,1.114379085,545.217,0
13880,13,1842,2.109756098,321.977,0
16485,1,235,0,36.365,0
17427,1,34,0,10.08,0
16700,17,4019,1.151125402,504,0
17679,2,729,1.137931034,199.211,0
14436,1,129,0,8.906,0
16426,10,1243,0.738544474,190.825,0
14096,34,16335,0.018919446,5712.091,0
15502,23,3823,1.410358566,554.146,0
13131,4,443,3.644444444,103.93,0
12940,4,406,0.401960784,87.629,0
16198,1,129,0,40.0681,0
13534,43,2876,1.04398827,561.308,0
14396,2,225,4.25,48.799,0
17490,11,1021,2.070588235,192.688,0
16027,7,1146,13.1875,85.212,0
13516,3,985,5.046511628,138.941,0
13850,2,941,0.440860215,158.681,0
17975,14,1552,1.185810811,439.361,0
16525,29,6493,1.829145729,1189.557,0
12408,9,1399,2.035714286,284.257,0
18017,3,300,114.5,52.3,0
17042,5,994,2.525773196,104.438,0
17144,2,483,1.765957447,98.457,0
16173,7,571,0.965116279,140.657,0
13376,3,493,2.596153846,101.976,0
12688,1,3028,0,487.381,0
17029,2,400,126,71.6,0
16143,7,917,3.128205128,241.984,0
18241,18,1047,2,205.809,0
16628,6,1202,1.737288136,218.304,0
14321,5,2406,2.647540984,153.075,0
17521,4,518,3.888888889,72.196,0
12444,5,1155,0.852272727,500.546,0
16011,16,2042,1.696682464,336.271,0
17659,14,1486,2.30625,295.475,0
15856,31,10941,0.553680982,1617.367,0
15522,2,573,0.982142857,39.884,0
17530,10,1526,0.926208651,238.5,0
15152,16,2694,0.642599278,468.424,0
16750,5,214,2,62.393,0
17320,3,634,3.722222222,120.062,0
15208,6,314,8.380952381,86.762,0
12963,9,873,3.757894737,184.103,0
14997,4,1102,5.076923077,54.098,0
15325,1,232,0,16.229,0
16093,1,20,0,1.7,0
17231,14,1736,0.640366972,312.782,0
12399,4,1178,2.448275862,110.865,0
15511,5,271,0.465408805,90.923,0
13012,11,671,2.688679245,131.162,0
12488,3,529,1.222222222,129.866,0
14232,8,1937,1.991452991,204.393,0
16379,5,1408,0.685185185,213.19,0
17256,2,141,13.66666667,24,0
18094,7,2518,3.043478261,301.73,1
15321,4,1163,2.304761905,265.073,0
17368,9,680,2.472440945,134.952,0
16139,3,330,6.266666667,63.541,0
14044,4,308,1.360576923,65.282,0
13519,2,22,3.5,11.08,0
12674,7,1102,2.177777778,191.931,0
13099,1,288,0,20.736,0
14124,1,1618,0,41.958,0
17398,3,310,3.810810811,65.338,0
16042,7,745,4.72972973,114.737,0
15694,15,1665,4.769230769,642.36,0
17560,5,651,8.307692308,85.495,0
15626,2,766,5.3125,67.58,0
13995,6,867,2.674418605,138.349,0
18189,3,564,2.794117647,108.434,0
18097,7,1685,3.212962963,269.285,0
12823,5,230,55.5,175.95,0
14387,3,819,0.553956835,177.056,0
16684,31,49390,1.264285714,6589.208,0
14513,4,355,11.05882353,43.849,0
14665,7,500,2.155172414,125.838,0
15521,13,1674,1.095477387,257.465,0
13593,6,707,1.78125,199.028,0
16818,13,2163,1.026315789,331.797,0
16882,3,424,6.605263158,70.512,0
14111,5,457,22.7,68.86,0
13434,2,300,2.444444444,53.424,1
13983,13,1170,3.036036036,259.046,0
16370,4,647,0.629955947,132.056,1
15136,5,775,1.382352941,128.245,0
14198,7,280,5.465116279,66.35,0
13960,2,142,4.545454545,23.022,0
13067,1,32,0,11.546,0
12535,2,219,2.878787879,71.635,0
15088,3,457,0.779661017,114.027,0
16218,8,2077,3.865168539,305.487,0
12682,31,5575,0.702290076,1228.822,0
17475,1,178,0,19.437,0
16729,26,5769,0.307346327,707.628,0
17220,14,1905,0.721868365,319.825,0
14572,10,1425,1.180147059,280.369,0
14908,1,132,0,27.78,0
14064,7,1350,3.024691358,118.832,0
12433,7,11071,0.890214797,1337.587,0
14753,1,211,0,56.315,0
13634,5,704,1.572192513,157.516,0
16836,2,165,7.7,25.187,0
14696,9,1626,2.795454545,207.097,0
15031,4,401,2.527272727,66.814,0
18171,7,477,5,120.851,0
16016,10,618,1.538135593,148.331,0
12423,9,1327,2.824,184.911,1
12714,5,3069,1.104651163,470.886,0
12626,13,3350,0.990196078,638.835,0
13450,6,1982,2.742857143,204.372,0
13816,4,260,1.28125,55.504,0
14745,6,1020,2.507246377,116.716,0
16767,11,4435,1.294117647,558.06,0
17788,2,211,14,111.79,0
14561,3,1014,1.602941176,108.076,0
16330,4,145,2.375,24.221,0
13324,12,5200,4.315789474,707.28,0
13269,17,3509,1.153605016,531.592,0
13888,2,258,2.538461538,60.563,0
14282,15,2668,2.348387097,372.934,0
15491,7,1624,0.909090909,309.085,1
15034,11,2411,0.847117794,427.766,0
13200,4,516,2.377777778,87.009,0
16674,2,188,0.453608247,31.961,0
13933,2,205,1.772727273,60.879,0
13866,1,57,0,14.567,0
17416,9,4266,0.933333333,683.834,0
12583,18,5009,1.484,718.734,0
15462,3,172,9.3,23.46,0
18215,1,118,0,29.934,0
16201,5,1267,0.929824561,182.152,0
12412,3,829,1.583333333,122.688,0
16321,7,78,16.73333333,23.07,1
17961,39,560,1.415322581,129.644,0
16407,10,1124,1.754385965,212.693,0
13408,81,16119,0.744,2748.741,0
15475,1,319,0,45.411,0
12380,5,1126,1.576923077,272.056,0
16272,1,224,0,41.17,0
13524,5,324,6.884615385,68.018,0
13267,27,1939,1.632286996,440.444,0
13263,35,4780,0.193317422,745.407,0
13116,2,290,0.7,48.519,0
13959,3,357,3.10989011,59.82,0
17070,1,133,0,31.214,0
13301,4,345,2.3625,61.809,0
17163,2,66,14.25,29.31,0
17339,2,152,33.875,24.336,0
14713,12,1613,1.047058824,266.426,0
15636,2,284,8.041666667,72.476,0
18069,7,1308,0.639065817,202.182,0
15505,7,2348,1.051020408,349.714,0
17742,2,89,15.64285714,35.511,0
15768,4,243,4.074074074,58.183,0
15669,5,339,6.558823529,67.769,0
12517,6,1348,0.568421053,246.489,0
16361,4,421,0.59047619,89.666,0
13527,8,1673,1.313901345,226.376,0
16779,28,5236,1.06122449,1045.405,0
12955,14,3642,1.461538462,473.426,0
14951,1,311,0,31.169,0
13113,40,2594,1.311827957,1051,0
15373,13,476,2.669117647,221.311,0
17567,10,2428,2.073863636,401.256,0
13808,5,782,1.213333333,174.766,0
13650,7,918,2.587628866,180.934,0
17950,4,342,4.126760563,47.212,0
13102,27,4160,1.177993528,633.629,0
14406,1,77,0,15.675,0
13268,15,3635,0.560538117,316.764,0
13509,7,1106,6.418604651,97.972,0
14916,5,1132,3.256410256,126.484,1
16083,2,908,8.666666667,131.762,0
16558,24,5346,0.773784355,825.704,0
18073,13,3098,1.106666667,386.444,0
15910,8,1015,1.187969925,123.218,0
18016,5,1029,2.721311475,148.356,0
13503,1,248,0,21.685,0
15364,2,493,5.678571429,91.319,0
17676,7,931,4.641025641,138.327,0
13282,6,289,5.179487179,104.784,0
17736,4,237,4.16,33.749,0
15739,1,472,0,44.912,0
14246,3,804,1.824324324,147.406,0
12657,5,654,1.218181818,115.206,0
17954,16,2229,0.75,229.537,0
16059,6,643,1.687150838,145.986,1
12909,8,1270,2.252631579,212.883,0
14503,6,2004,1.073619632,354.326,0
17644,17,1741,1.910714286,276.898,0
16108,2,599,0,81.61,1
18041,22,3810,0.763213531,416.114,0
12936,5,539,0.983870968,101.29,0
15571,4,264,1.196428571,65.043,0
13411,1,72,0,21.355,0
13576,20,2640,2.813953488,670.33,0
13851,3,1705,2.4125,265.146,0
16353,23,2006,3.935483871,667.571,0
13709,17,3501,0.904347826,624.911,0
18257,12,1010,2.106557377,226.538,0
12883,4,196,1.585365854,70.347,0
13518,1,392,0,65.944,0
15370,8,828,3.106382979,236.055,0
18075,14,1437,2.217105263,253.872,0
13662,7,538,3.052631579,87.908,0
16418,3,288,1.801980198,67.527,0
14191,14,3657,0.835877863,466.001,0
15416,5,2089,1.135416667,397.437,0
16466,7,789,1.761904762,160.346,0
13792,2,92,18.41666667,19.555,0
13325,1,240,0,67.53,0
15838,21,9007,2.148809524,3335.076,0
13927,1,214,0,34.899,0
12619,13,3354,2.521276596,321.481,0
17629,9,1621,2.87804878,178.412,0
16184,7,560,3.266666667,115.554,1
13848,3,3700,68.5,125.5,0
17315,43,3856,0.734567901,620.446,0
14868,9,1399,1.575342466,293.964,0
17673,7,1485,1.405286344,162.222,0
14776,13,2688,1.962406015,219.558,0
14184,1,127,0,45.289,0
13950,5,321,6.714285714,72.856,0
16102,3,942,1.535714286,184.214,0
12822,3,548,0.369565217,91.898,1
15341,1,812,0,202.052,0
13186,5,804,1.072289157,153.969,0
16049,3,793,0.112540193,111.179,0
12612,2,251,0.85,64.359,0
17637,2,280,2.470588235,54.706,0
15472,1,251,0,37.156,0
15622,16,1552,1.309859155,322.453,0
12962,2,129,7.066666667,26.639,0
18188,4,1167,3.873239437,199.849,0
15110,7,240,7.564102564,97.025,0
13013,15,2217,1.674208145,478.699,0
14897,4,468,5.351851852,136.638,0
18109,31,4219,0.812362031,792.532,0
16928,19,2094,1.382075472,278.15,1
14687,1,470,0,62.838,0
18192,1,339,0,95.797,0
14078,6,310,4.25,104.937,0
12562,7,1779,1.137724551,378.174,0
15762,2,251,0.333333333,58.375,1
17722,6,1572,2.268907563,238.064,0
18236,6,403,4.395833333,88.224,0
13704,10,1528,0.619402985,229.531,0
17222,1,128,0,35.415,0
15933,3,885,0.890410959,110.746,0
17857,25,19086,6.581818182,2676.334,0
12749,8,1422,0.913043478,386.82,0
13137,9,2225,0.423295455,360.508,0
17193,9,1238,4.147058824,167.446,0
16989,6,1233,13,113.325,0
14473,2,88,34.66666667,23.434,0
15674,8,1075,1.350746269,174.402,0
12820,4,722,5.568965517,94.234,0
14334,9,1730,2.111111111,253.946,0
14606,128,5978,0.133764833,1171.385,0
17071,14,1182,2.047619048,238.548,0
15181,5,542,17.58823529,68.028,0
14030,8,1479,1.438016529,236.009,0
13755,10,1241,0.175438596,215.468,0
12598,9,1940,2.083333333,300.268,0
14732,10,1402,2.236486486,268.634,0
15117,6,1947,2.544303797,155.013,0
13743,8,1775,6.268292683,134.015,0
13122,2,585,2.703703704,92.239,0
13939,4,843,6.4,55.675,0
17227,6,741,7.608695652,93.932,0
14852,6,1747,1.366197183,283.669,0
15660,12,1037,3.655913978,155.201,0
13744,2,1249,2.774647887,115.636,0
16281,1,934,0,206.206,0
17702,6,1320,4.240506329,171.972,0
15074,1,455,0,74.887,0
18122,6,1234,0.391184573,182.621,0
15046,16,3307,1.597087379,506.401,0
17731,5,392,1.268292683,87.82,0
15039,52,9191,0.238221632,1978.644,0
18225,17,3206,1.29122807,536.102,0
13873,4,138,8.260869565,38.17,0
16713,21,4264,0.551505547,684.023,0
17757,31,3316,0.500674764,558.549,0
14527,86,2049,0.367326733,771.138,0
15443,8,1660,0.830729167,321.216,0
14546,9,1287,0.586538462,248.702,0
14035,5,739,4.138461538,142.802,0
13196,4,1224,2.302752294,179.778,0
13784,11,2493,10.76666667,246.279,0
16493,6,1113,4.213114754,132.966,1
15488,1,73,0,9.132,0
17513,1,254,0,51.32,0
15301,14,2768,1.292682927,502.812,0
13117,8,945,4.68,98.491,0
16900,5,723,0.641975309,18.769,0
12727,9,2085,2.214285714,394.77,0
13429,4,1390,0.984848485,100.68,0
17302,6,573,3.6375,111.993,0
14262,8,1645,1.633802817,261.823,0
18259,3,714,8.341463415,233.86,0
17837,10,515,0.707602339,156.053,0
15827,20,842,2.248120301,164.148,1
12364,4,1506,1.25,131.31,0
13394,10,2215,1.889570552,231.28,0
15829,2,996,0.82,63.614,0
16880,7,753,0.898305085,151.908,0
14681,3,76,23.33333333,49.895,1
14505,11,2743,0.430174564,581.87,0
13211,3,874,6.381818182,119.742,0
12683,20,4903,1,822.109,0
13189,2,842,3.464285714,26.068,0
18093,5,1381,5.648648649,208.342,1
16478,3,224,2.5,33.1,0
17930,5,1594,5.368421053,174.048,0
15075,1,447,0,77.303,0
15498,35,6084,0.703065134,1239.646,0
17634,9,840,1.016891892,236.197,0
15625,8,1166,2.014925373,150.456,1
13203,4,800,4.160714286,86.946,0
12546,3,617,0.449275362,114.15,0
15411,5,528,1.575757576,134.638,0
18053,2,301,0.2,29.707,1
14456,14,2901,0.140368852,304.763,0
14047,7,377,11.03030303,129.001,0
14506,5,730,1.117460317,201.217,0
17653,5,1401,1.857142857,117.588,0
14667,27,5382,0.622608696,923.12,0
12461,2,287,1.764705882,82.688,0
12787,3,261,9.631578947,46.366,0
17805,1,478,0,51.231,0
17045,3,106,6.380952381,33.944,0
16638,11,1254,3.680851064,167.647,0
13242,3,130,8.416666667,27.04,0
13722,4,1400,1.905882353,236.916,0
12641,1,72,0,18.59,0
16342,4,157,7.428571429,32.241,1
14452,2,119,1.360655738,26.444,0
12415,26,77242,0.402831403,12372.545,0
15801,4,562,0.926470588,104.219,0
13577,5,771,2.571428571,165.83,0
14930,3,1166,1.307086614,237.286,1
17049,11,2669,0.85046729,559.478,0
14466,7,1006,4.830985915,227.24,0
14660,2,228,0.482758621,28.574,1
12360,3,1165,1.15625,266.206,0
16036,2,716,3.259259259,75.892,0
13614,4,570,1.53,161.046,0
16820,1,307,0,49.761,0
13305,10,1232,4.6,200.086,0
14056,29,4232,0.251109139,812.44,0
16744,7,805,0.67219917,130.476,0
15062,4,763,5.142857143,98.786,0
13422,2,1321,0.102362205,260.155,0
15766,1,170,0,31.506,0
16440,5,2018,0.736654804,364.067,0
12656,8,1708,1.744186047,398.272,0
18158,3,353,2.323529412,45.175,0
16057,10,833,2.105263158,214.022,0
14911,248,77180,0.063029482,13257.262,0
13390,1,224,0,54.408,0
14261,2,406,0.549019608,116.345,0
16652,11,3267,1.803278689,665.426,0
12477,9,3620,0.941368078,1311.701,0
17716,12,3004,0.968379447,550.579,0
17173,9,1121,1.465116279,375.565,0
12490,10,3064,1.327868852,541.793,0
12381,6,783,1.277777778,180.396,0
14062,12,5593,3.227272727,1046.485,0
14014,1,1076,0,50.518,0
15640,17,6572,0.744939271,1243.334,0
16682,5,1040,6.310344828,102.8,0
17037,2,652,0.118421053,125.322,1
13972,2,187,9.357142857,19.025,0
14227,15,1811,1.417582418,331.571,0
13026,8,1586,6.523809524,93.615,0
16503,5,567,2.988235294,142.143,0
14305,5,1069,0.587155963,180.376,1
14152,3,699,3.244897959,61.109,0
16434,7,767,2.5,152.225,0
17613,17,2470,0.889937107,450.937,0
13418,23,3839,1.153354633,584.544,0
14842,8,1146,1.738853503,245.68,0
16295,4,841,0.705128205,132.855,0
18001,2,363,1.298245614,41.723,0
13330,3,751,4.288461538,114.093,0
14410,15,293,1.013986014,57.63,0
13611,4,762,3.6,115.82,0
16761,1,341,0,31.662,0
15220,7,1377,1.940677966,175.892,0
18222,1,335,0,44.3,0
15214,8,1254,2.211009174,166.144,0
14388,10,1933,1.915789474,317.204,0
17088,4,868,1.973684211,199.101,0
16468,1,31,0,7.49,0
13092,6,271,11.56,45.983,0
15099,1,343,0,41.048,0
12828,6,494,2.327272727,101.871,0
13764,3,932,1.289855072,152.176,0
16764,18,1247,0.19525802,275.825,0
16912,14,1014,2.884615385,252.867,0
12935,8,1852,2.457364341,215.645,0
15862,4,585,2.5,83.288,0
15033,11,1692,0.634765625,257.102,0
13504,1,178,0,29.593,0
16594,1,64,0,18.109,0
14432,6,2070,0.209973753,225.551,0
14112,12,1608,1.470930233,277.417,0
12726,7,3143,2.674796748,260.91,0
14404,7,831,3.262135922,143.472,0
15624,4,357,4.242424242,58.813,0
14608,4,437,18.84210526,178.515,0
17686,7,2478,1.035087719,573.946,0
16591,1,41,0,21.35,0
16293,12,978,3.016806723,223.674,0
12924,5,480,7.966666667,92.995,0
13134,7,1044,1.615384615,174.063,1
14257,6,1677,2.518867925,308.727,0
14201,9,578,7.868421053,68.804,0
18229,20,2488,2.220858896,727.69,0
13860,6,589,1.118421053,124,0
12550,1,569,0,96.483,0
14462,15,932,1.126530612,196.59,1
16249,5,950,2.75,180.007,0
16115,8,1001,1,166.797,0
15026,3,285,3.283333333,46.9,0
16085,5,636,1.789156627,98.151,0
12567,11,4089,0.751082251,911.494,0
13240,4,298,4.075757576,66.365,0
13354,1,604,0,74.353,0
14488,2,793,0.333333333,104.743,0
12906,5,1749,1.080645161,291.981,0
15738,19,2967,2.022857143,478.877,0
15417,1,284,0,50.88,0
14189,24,3919,1.326086957,460.431,0
17491,11,2012,3.357798165,354.192,0
14976,8,230,3.736111111,76.586,0
14135,15,3850,2.789473684,469.031,0
17243,30,3362,0.906403941,862.855,0
17453,2,219,2.611111111,48.672,0
15105,7,1211,1.16,229.893,0
18172,25,3170,1.428571429,749.017,0
13931,3,721,3.362068966,123.093,1
14711,12,966,0.703910615,283.82,0
15797,4,873,29.42857143,220.74,0
18044,11,1032,2.803149606,208.565,0
13347,1,205,0,34.136,0
14878,9,802,2.81300813,148.554,0
16689,3,168,0.466666667,30.326,1
14557,2,0,0.677419355,0,1
15132,5,679,4.784313725,97.793,0
15549,4,688,2.07826087,165.576,0
12700,6,2963,0.773234201,486.799,0
13566,2,575,0.24,87.471,0
16961,1,125,0,23.417,0
16126,4,2125,2.301724138,628.777,0
16210,18,7559,3.049180328,2108.63,0
13774,1,192,0,34.5,0
12895,3,204,1.913043478,34.73,0
14592,3,415,0.17791411,57.046,0
15782,4,863,1.860465116,259.394,0
12994,5,440,3.666666667,90.222,0
18196,2,433,1.392857143,68.913,0
13169,2,272,15.75,71.288,0
15901,3,384,1.2,36.388,0
15276,1,64,0,13.531,0
14655,5,1088,4.469387755,193.015,0
13769,16,1152,2.570422535,277.187,0
16182,4,3791,8.222222222,661.765,0
16186,13,3008,1.605504587,399.194,0
14101,6,6942,7.441176471,597.679,0
16678,17,2368,1.656804734,301.383,0
14284,3,157,1.696969697,57.845,0
15050,5,1184,0.582278481,172.717,0
15103,2,329,1.617647059,70.336,0
15480,1,303,0,90.55,0
16360,8,2128,0.125373134,341.169,0
14215,7,1354,3.305555556,177.792,0
14051,26,3741,1.710280374,1547.734,0
17869,5,111,6.692307692,42.818,1
14824,4,525,2.892857143,112.771,0
16395,5,1476,1.291866029,148.69,0
12701,2,678,3.134615385,79.771,0
14565,6,1532,2.078125,307.377,1
13232,7,778,1.121359223,135.76,0
15569,5,666,7.633333333,137.571,1
15159,34,11394,0.50069541,1857.368,0
12394,2,819,5.923076923,127.248,0
13320,6,1066,1.311926606,149.17,1
16444,5,405,2.564705882,63.877,0
13644,5,2060,0.659863946,259.752,0
15727,7,3065,1.139534884,517.896,0
14525,13,2662,1.188552189,422.137,0
15523,1,132,0,41.201,0
17799,11,1755,0.828850856,302.608,0
14291,12,2748,1.156118143,387.33,0
16839,39,8470,1.215488215,1535.778,0
15140,8,1567,2.65,235,0
13316,5,6947,2.494252874,581.549,0
15854,12,939,2.568345324,297.465,0
15500,4,572,1.089552239,113.156,0
13928,4,129,4.730769231,46.457,0
15730,4,683,1.958333333,110.838,1
14332,3,481,5,86.631,0
14141,6,337,2.288888889,87.903,0
16031,2,423,1.565656566,54.894,0
16309,3,465,3.465116279,68.667,1
13348,1,136,0,23.376,0
15396,1,122,0,28.818,0
16710,10,1836,0.87032419,248.304,0
16400,1,172,0,30.393,0
13548,2,441,1.195121951,68.241,0
16101,3,738,0.743902439,124.596,0
15297,4,290,1.325,63.504,0
16999,2,294,2.318181818,48.482,0
17531,2,135,5,29.345,0
16771,5,1489,1.200787402,224.681,0
14032,18,2008,2.410596026,292.984,0
15841,6,926,5.591836735,120.91,1
14709,14,2482,1.75,491.114,0
17800,9,736,2.883495146,119.901,0
15239,3,591,1.333333333,76.434,0
15021,13,829,0.751046025,187.228,0
13639,1,800,0,103.334,0
15601,17,4978,0.87409201,674.536,0
17428,33,9435,1.076023392,1707.845,0
13954,3,141,2.379310345,37.859,0
17690,16,1767,1.33463035,474.845,0
14217,24,677,3.443396226,192.536,0
12718,1,203,0,23.825,0
12642,3,552,1.782608696,101.326,0
15469,4,150,2.961538462,50.45,0
12884,1,43,0,30.905,0
17451,10,1178,0.981132075,164.895,0
15172,5,1611,2.091743119,162.405,0
15932,11,2311,2.415254237,246.185,0
17389,43,7430,1.520179372,3130.008,0
13050,28,3707,0.847980998,568.461,0
14652,1,53,0,11.418,0
14688,27,3222,1.022346369,510.738,0
16670,17,2524,1.310344828,402.246,0
13901,5,1739,1.662162162,286.72,1
15307,1,37,0,20.53,0
18255,1,74,0,10.33,0
12592,2,290,7.117647059,43.76,0
15365,9,758,1.933333333,133.045,0
16927,3,993,49.2,54.305,0
17838,6,1421,2.544117647,231.27,0
14534,25,1925,0.567324955,407.535,0
16189,2,134,7,21.548,0
13273,1,153,0,13.898,0
12664,10,1202,8.486486486,486.388,0
14543,21,600,3.405660377,291.617,0
12720,29,4654,1.025139665,571.328,0
12910,8,1692,2.945945946,307.504,0
12937,4,1007,2.117647059,150.427,0
16140,4,727,8.861111111,70.377,0
15290,21,4431,1.682464455,780.377,0
12627,7,2752,0.56768559,447.853,0
17873,6,999,6.511111111,176.436,0
15596,9,548,3.192771084,134.334,0
16775,11,440,2.27388535,169.566,0
16633,7,1137,1.427631579,287.815,0
13435,9,2125,1.803921569,379.449,0
14024,2,150,0.2,32.77,0
14887,1,1100,0,186.2,0
13340,7,5770,1.736842105,1073.648,0
12379,3,406,2.225,85.029,0
17377,21,2075,0.837320574,392.592,0
17846,1,1,0,203.31,0
15311,118,37720,0.149799197,5941.934,0
14415,18,2973,0.587561375,581.156,0
13940,4,516,2.645833333,83.914,0
14298,45,58021,0.217815741,5086.244,0
16668,6,318,14.15789474,30.672,0
16040,3,684,3.171875,131.355,0
17958,1,84,0,50.846,0
13726,2,1054,1.512195122,107.966,0
15719,14,2724,0.325506937,504.396,0
17107,7,4537,0.585714286,1038.043,0
13155,4,497,3.988095238,97.176,0
16215,1,104,0,24.235,0
15187,18,1869,2.293478261,467.008,0
14449,4,757,1.377431907,90.71,0
13643,3,273,5.703703704,51.944,0
12747,11,1275,3.598039216,419.601,0
18145,4,2625,1.363636364,286.155,0
17164,8,1500,1.673611111,246.64,0
14944,14,2801,1.888888889,584.295,0
14894,1,265,0,65.575,0
13538,7,175,11.33333333,128.085,0
13272,2,96,4.142857143,27.656,0
18061,10,955,7.666666667,211.941,0
14419,6,487,1.726829268,105.806,0
13575,5,449,3.4,73.207,0
15675,3,527,9.95,32.369,0
13178,11,3570,1.265151515,572.547,0
16527,1,106,0,22.806,0
12757,19,2385,0.521276596,422.77,0
17004,2,819,1.069767442,141.294,0
13004,22,4796,0.848039216,561.343,0
13510,5,1382,1.568965517,178.516,0
16464,3,963,0.523404255,131.468,0
16175,4,533,2.561403509,103.759,0
16656,21,8873,4.329113924,856.824,0
16626,20,2670,1.453551913,437.965,0
12693,6,250,4.975,83.096,0
14401,14,4505,1.950549451,403.998,0
15978,1,888,0,109.878,0
16384,2,260,5.4375,58.45,0
14936,9,4083,0.728767123,811.742,0
17422,10,2195,2.089552239,185.313,0
13130,1,32,0,6.4,0
16283,7,1222,1.215568862,153.151,0
15134,8,887,3.138888889,138.799,0
17703,3,590,1.907407407,79.874,0
14364,8,1967,1.514705882,371.735,0
14691,5,707,2.6,211.433,0
15067,3,954,2.518518519,174.476,1
17790,14,836,1.788359788,196.555,0
12584,18,354,2.216,189.395,0
13588,13,2573,1.340782123,244.512,0
15581,14,286,1.64,342.997,0
13871,14,2801,0.848664688,638.98,0
16081,5,1477,1.371681416,280.69,0
15091,2,343,0.466666667,47.696,0
13069,27,5466,0.786780384,371.782,0
12704,10,1003,1.820224719,222.084,0
13210,1,316,0,35.348,0
14223,4,583,2.866666667,97.523,0
13359,2,159,0.173913043,43.126,0
16213,1,48,0,15.9,0
12710,4,849,1.346153846,113.057,0
14495,2,62,14.2,12.38,0
15955,16,2124,1.891304348,438.981,0
14915,3,105,16,25.883,1
13426,12,2224,2.272151899,355.07,0
18173,4,1220,6.266666667,210.684,0
16141,1,238,0,62.04,0
16480,1,455,0,76.929,0
12832,2,195,2.538461538,38.303,0
16168,28,1888,3.663265306,377.06,0
15906,8,538,1.573333333,152.179,0
16469,4,273,1.232044199,65.043,0
18180,6,1721,1.169491525,184.375,0
13115,14,1534,2.732824427,220.563,0
14566,1,800,0,143.2,0
16255,10,1760,1.278388278,260.93,0
12436,1,211,0,50.901,0
16984,5,2408,0.12470024,439.242,1
15351,10,732,1.538793103,186.214,0
16669,4,883,0.34375,137.087,0
13265,5,1752,2.444444444,210.766,0
12814,1,49,0,12.592,0
14285,4,541,5.961538462,191.001,0
12484,8,2185,0.871060172,449.527,0
15763,3,268,0.741935484,104.867,0
16350,5,542,5.830508475,110.047,0
12492,2,192,2.210526316,26.321,1
13327,9,1588,3.027777778,361.757,0
13890,14,826,3.159292035,186.086,0
16612,4,506,4.292307692,118.766,0
16191,25,3203,2.386666667,491.332,0
14757,1,160,0,42.05,0
13798,63,23514,0.847031963,3635.142,0
13668,29,3637,0.72,621.607,0
17841,169,22865,0.046604861,4034.078,0
14907,10,1686,2.179640719,347.885,0
13000,3,379,8.6,53.485,0
16923,26,3183,0.503597122,666.683,0
16536,2,250,0.054545455,53.902,1
12593,3,206,5.5,41.81,0
15737,12,584,2.85,112.121,0
15237,4,1071,2.306122449,141.232,0
17429,4,616,2.390243902,51.212,0
15348,1,84,0,15.804,0
14738,9,576,5.036363636,128.994,0
13629,11,4372,5.431034483,779.236,0
13989,2,1313,4.35,126.608,0
13458,22,5460,0.8956743,953.792,0
15937,1,73,0,14.535,0
16383,2,475,1.920792079,66.836,0
16549,10,2365,0.330612245,415.464,0
17228,8,1532,1.724637681,190.609,0
13389,3,429,4.42,79.796,0
13845,1,182,0,31.298,0
16706,3,249,0.631147541,53.135,0
14211,13,1232,2.068376068,220.83,0
15998,6,2037,0.641732283,308.417,0
16020,3,487,1.088888889,85.101,0
12678,13,10899,1.873493976,1758.826,0
17813,7,777,0.151193634,171.46,0
15975,1,243,0,37.101,0
13079,5,62,27.2,22.01,0
17652,18,2479,0.951672862,473.713,0
17450,55,69029,1.025714286,18748.217,0
15754,4,197,7,45.567,0
12826,8,1054,3.903225806,146.812,0
16531,7,915,4.447368421,124.459,0
15752,8,1973,0.810218978,262.893,0
16187,17,5004,0.85472973,684.124,0
12528,8,750,3.223404255,192.228,0
18217,2,491,1.366666667,62.175,0
14883,7,789,3.641509434,75.664,0
17919,1,756,0,130.404,0
16150,10,1004,2.474074074,190.607,0
16902,1,629,0,170.688,0
14020,2,441,1.894736842,64.28,0
13035,3,627,7,88.663,0
14038,4,963,1.402173913,155.448,0
13192,2,595,1.774193548,91.194,0
13098,41,15911,0.523178808,2865.888,0
12854,5,622,2.105263158,128.915,0
18027,1,78,0,11.531,0
15750,9,1779,1.238095238,245.123,0
17612,10,1787,1.730496454,199.276,0
15313,1,25,0,5.2,0
12856,8,1076,0.17721519,216.268,0
17483,3,191,5.9,41.404,0
16515,5,833,2.3125,162.713,0
13427,3,545,7,58.26,0
17965,14,1556,1.012195122,262.257,0
15533,5,256,0.823529412,74.692,0
13209,11,4232,1.009146341,582.016,0
16734,3,346,1.192307692,65.051,0
15255,1,489,0,89.085,0
17449,8,1115,1.284172662,250.486,0
17079,1,24,0,11.88,0
13249,3,546,7.681818182,71.141,1
16422,75,32592,0.884422111,3380.569,0
16555,2,175,4.625,28.589,0
13147,4,144,29.66666667,71.28,0
12363,2,408,6.045454545,55.2,0
15398,3,767,0.849315068,133.963,0
16672,23,2812,2.275862069,809.359,0
17034,4,406,8.741935484,73.457,0
17865,27,5698,0.860824742,1015.854,0
12621,23,7404,0.769556025,1361.207,0
14765,3,135,3.868421053,25.411,0
14132,12,3366,0.905,358.013,0
12425,1,496,0,77.72,0
12794,2,592,1.022727273,86.041,0
15298,14,2752,1.886010363,377.41,0
17725,14,2141,1.274111675,337.113,0
16229,2,318,2.717391304,101.06,0
17844,1,52,0,5.156,0
16169,4,1325,0.797619048,182.297,0
15164,3,360,2.656862745,84.305,0
16106,1,74,0,10.838,0
18232,5,299,2.974358974,58.247,0
14414,8,2509,2.75257732,148.513,1
14108,3,380,2.088235294,59.416,0
13381,7,2027,1.610465116,362.681,0
15755,8,1397,1.97972973,231.888,0
13078,43,5557,0.963060686,1243.228,0
12560,4,1078,1.254545455,210.139,0
14653,7,950,1.427966102,194.755,0
16803,1,245,0,33.23,0
14409,7,1158,5.5,190.825,0
16340,1,501,0,54.907,0
18096,3,825,0.245283019,91.115,0
13323,5,175,4.05,78.785,0
14646,77,196719,0.169385797,27948.902,0
12997,7,648,4.46969697,119.794,0
15529,12,3489,0.511144131,396.778,0
12576,6,964,3.056818182,130.698,0
16369,3,1035,1.521367521,155.366,0
15215,6,211,6.5,61.599,0
16777,2,64,3.612244898,22.635,0
15587,4,312,37.625,91.368,0
17573,4,302,2.56,36.29,0
14626,7,1387,1.8,275.707,0
12390,1,353,0,54.984,0
13141,6,1547,1.711111111,238.58,0
15078,38,5069,0.802222222,962.335,0
13198,8,2645,1.539473684,338.409,0
13777,41,12804,1.711009174,2574.835,0
15594,6,982,2.126213592,176.753,0
12418,1,407,0,66.858,0
14156,66,57025,0.255813953,11338.414,0
15663,1,106,0,13.814,0
16327,6,2571,1.116352201,384.422,0
12965,1,283,0,77.191,0
14194,32,5783,0.504145937,1121.675,0
15858,5,1167,1.852631579,143.885,0
13344,3,971,1.779661017,254.372,1
16924,4,480,0.715909091,73.95,0
13003,3,103,21.8,14.905,0
15260,8,861,3.532467532,178.077,0
